"vendor_name","total_orders","avg_cost_per_item","avg_delivery_days","avg_accounts_payable_terms_per_days"
Vendor A,27,30.4611111111111111,7,40.1851851851851852
Vendor D,20,29.6020000000000000,10,38.9000000000000000
Vendor C,24,29.5204166666666667,9,41.1250000000000000
Vendor B,29,26.8193103448275862,9,39.4137931034482759
